{
  "change_date": "2006-10-12T00:00:00",
  "most_probable_tau": 494,
  "tau_posterior": [
    509,
    515,
    515,
    521,
    521,
    523,
    525,
    513,
    505,
    499,
    494,
    495,
    488,
    500,
    507,
    510,
    522,
    522,
    522,
    516,
    522,
    504,
    501,
    481,
    476,
    482,
    483,
    486,
    486,
    464,
    462,
    470,
    487,
    469,
    474,
    495,
    491,
    495,
    490,
    489,
    491,
    483,
    476,
    474,
    474,
    474,
    471,
    456,
    450,
    461,
    455,
    452,
    458,
    458,
    458,
    448,
    448,
    447,
    440,
    430,
    431,
    433,
    433,
    426,
    422,
    420,
    421,
    419,
    437,
    433,
    412,
    403,
    413,
    407,
    407,
    396,
    403,
    411,
    411,
    411,
    411,
    413,
    416,
    415,
    425,
    415,
    420,
    412,
    411,
    414,
    420,
    421,
    424,
    409,
    390,
    391,
    403,
    403,
    403,
    407,
    415,
    401,
    404,
    412,
    420,
    420,
    426,
    435,
    439,
    436,
    438,
    438,
    447,
    459,
    459,
    478,
    481,
    481,
    480,
    473,
    482,
    482,
    490,
    517,
    516,
    538,
    545,
    550,
    555,
    556,
    556,
    567,
    567,
    565,
    565,
    565,
    565,
    570,
    576,
    559,
    567,
    574,
    574,
    571,
    569,
    569,
    569,
    569,
    580,
    585,
    578,
    578,
    578,
    577,
    577,
    585,
    585,
    584,
    591,
    590,
    581,
    581,
    585,
    593,
    593,
    593,
    588,
    588,
    580,
    575,
    582,
    585,
    586,
    586,
    586,
    584,
    580,
    588,
    575,
    570,
    571,
    571,
    571,
    580,
    568,
    571,
    560,
    560,
    566,
    560,
    560,
    557,
    557,
    564,
    565,
    564,
    564,
    564,
    564,
    563
  ],
  "impact_metrics": {
    "mean_before": 0.0009581024301563459,
    "mean_after": 0.0006471886472956356,
    "mean_difference": -0.0003109137828607103,
    "percent_change": -32.4509961643636
  },
  "nearby_events": []
}